,account_id,team_name,team_id,competition_id,competition_name,season_id,season_name,team_female,team_season_matches,team_season_minutes,Goal Difference,xG Difference,Shots,team_season_op_shots_pg,team_season_op_shots_outside_box_pg,team_season_sp_shots_pg,xG,team_season_op_xg_pg,team_season_sp_xg_pg,team_season_np_xg_per_shot,team_season_np_shot_distance,team_season_op_shot_distance,team_season_sp_shot_distance,team_season_possessions,team_season_possession,team_season_directness,Pace Towards Goal,team_season_gk_pass_distance,team_season_gk_long_pass_ratio,team_season_box_cross_ratio,team_season_passes_inside_box_pg,Defensive Distance,Passes Per Defensive Action,team_season_defensive_distance_ppda,team_season_opp_passing_ratio,team_season_opp_final_third_pass_ratio,team_season_np_shots_conceded_pg,team_season_op_shots_conceded_pg,team_season_op_shots_conceded_outside_box_pg,team_season_sp_shots_conceded_pg,xG Conceded,team_season_op_xg_conceded_pg,team_season_sp_xg_conceded_pg,team_season_np_xg_per_shot_conceded,team_season_np_shot_distance_conceded,team_season_op_shot_distance_conceded,team_season_sp_shot_distance_conceded,team_season_deep_completions_conceded_pg,team_season_passes_inside_box_conceded_pg,team_season_corners_pg,team_season_corner_xg_pg,team_season_xg_per_corner,team_season_free_kicks_pg,team_season_free_kick_xg_pg,team_season_xg_per_free_kick,team_season_direct_free_kicks_pg,team_season_direct_free_kick_xg_pg,team_season_xg_per_direct_free_kick,team_season_throw_ins_pg,team_season_throw_in_xg_pg,team_season_xg_per_throw_in,team_season_ball_in_play_time,team_season_counter_attacking_shots_pg,team_season_high_press_shots_pg,team_season_shots_in_clear_pg,team_season_counter_attacking_shots_conceded_pg,team_season_shots_in_clear_conceded_pg,team_season_aggressive_actions_pg,team_season_aggression,Goals Scored,team_season_own_goals_pg,team_season_penalty_goals_pg,Goals Conceded,team_season_opposition_own_goals_pg,team_season_penalty_goals_conceded_pg,team_season_shots_from_corners_pg,team_season_goals_from_corners_pg,team_season_shots_from_free_kicks_pg,team_season_goals_from_free_kicks_pg,team_season_direct_free_kick_goals_pg,team_season_shots_from_direct_free_kicks_pg,team_season_shots_from_throw_ins_pg,team_season_goals_from_throw_ins_pg,team_season_direct_free_kick_goals_conceded_pg,team_season_shots_from_direct_free_kicks_conceded_pg,team_season_corners_conceded_pg,team_season_corner_xg_conceded_pg,team_season_shots_from_corners_conceded_pg,team_season_goals_from_corners_conceded_pg,team_season_free_kicks_conceded_pg,team_season_free_kick_xg_conceded_pg,team_season_shots_from_free_kicks_conceded_pg,team_season_goals_from_free_kicks_conceded_pg,team_season_direct_free_kicks_conceded_pg,team_season_direct_free_kick_xg_conceded_pg,team_season_throw_ins_conceded_pg,team_season_throw_in_xg_conceded_pg,team_season_shots_from_throw_ins_conceded_pg,team_season_goals_from_throw_ins_conceded_pg,team_season_corner_shot_ratio,team_season_corner_goal_ratio,team_season_free_kick_shot_ratio,team_season_free_kick_goal_ratio,team_season_direct_free_kick_goal_ratio,team_season_throw_in_shot_ratio,team_season_throw_in_goal_ratio,team_season_xg_per_corner_conceded,team_season_corner_shot_ratio_conceded,team_season_corner_goal_ratio_conceded,team_season_xg_per_free_kick_conceded,team_season_free_kick_shot_ratio_conceded,team_season_free_kick_goal_ratio_conceded,team_season_xg_per_direct_free_kick_conceded,team_season_direct_free_kick_goal_ratio_conceded,team_season_xg_per_throw_in_conceded,team_season_throw_in_shot_ratio_conceded,team_season_throw_in_goal_ratio_conceded,team_season_direct_free_kick_shot_ratio,team_season_direct_free_kick_shot_ratio_conceded,team_season_sp_pg,team_season_xg_per_sp,team_season_sp_shot_ratio,team_season_sp_goals_pg,team_season_sp_goal_ratio,team_season_sp_pg_conceded,team_season_xg_per_sp_conceded,team_season_sp_shot_ratio_conceded,team_season_sp_goals_pg_conceded,team_season_sp_goal_ratio_conceded,team_season_penalties_won_pg,team_season_penalties_conceded_pg,team_season_completed_dribbles_pg,team_season_failed_dribbles_pg,team_season_total_dribbles_pg,team_season_dribble_ratio,team_season_completed_dribbles_conceded_pg,team_season_failed_dribbles_conceded_pg,team_season_total_dribbles_conceded_pg,team_season_opposition_dribble_ratio,team_season_high_press_shots_conceded_pg,team_season_gd_pg,team_season_np_gd_pg,team_season_xgd_pg,team_season_np_xgd_pg,team_season_deep_completions_pg,team_season_passing_ratio,team_season_pressures_pg,team_season_counterpressures_pg,team_season_pressure_regains_pg,team_season_counterpressure_regains_pg,team_season_defensive_action_regains_pg,team_season_yellow_cards_pg,team_season_second_yellow_cards_pg,team_season_red_cards_pg,team_season_fhalf_pressures_pg,team_season_fhalf_counterpressures_pg,team_season_fhalf_pressures_ratio,team_season_fhalf_counterpressures_ratio,team_season_crosses_into_box_pg,team_season_successful_crosses_into_box_pg,team_season_successful_box_cross_ratio,team_season_deep_progressions_pg,team_season_deep_progressions_conceded_pg,team_season_obv_pg,team_season_obv_pass_pg,team_season_obv_shot_pg,team_season_obv_defensive_action_pg,team_season_obv_dribble_carry_pg,team_season_obv_gk_pg,team_season_obv_conceded_pg,team_season_obv_pass_conceded_pg,team_season_obv_shot_conceded_pg,team_season_obv_defensive_action_conceded_pg,team_season_obv_dribble_carry_conceded_pg,team_season_obv_gk_conceded_pg,team_season_passes_pg,team_season_successful_passes_pg,team_season_passes_conceded_pg,team_season_successful_passes_conceded_pg,team_season_op_passes_pg,team_season_op_passes_conceded_pg,Non-Penalty Goals Scored,Non-Penalty Goals Conceded,Passes Per Possession
0,461,Doncaster Rovers,74,5,League Two,317,2024/2025,False,11,,3,4.4358964,14.0,9.636363636363637,2.5454545454545454,4.363636363636363,1.3496015803380446,1.047689443284815,0.30191217972473666,0.09640011230072418,15.02574415330763,15.74658894089033,13.433877309163412,178.9090909090909,0.5402844606734185,0.8803943209118364,2.74960339406466,35.240314094387756,0.4931506849315068,0.2911764705882353,3.090909090909091,44.52675464037123,9.86283185840708,4.514601412617271,0.6923076923076923,0.5599445599445599,7.818181818181818,5.7272727272727275,2.090909090909091,2.090909090909091,0.80388373949311,0.6211016313596205,0.1827821030535481,0.10282233703968137,16.099003281704213,16.648421999007937,14.594076405400815,2.1818181818181817,1.2727272727272727,5.090909090909091,0.20580524544824252,0.04042603288378034,13.727272727272727,0.0635771279815923,0.004631446292068785,0.5454545454545454,0.03252979571169073,0.059637958804766335,29.90909090909091,0.0,0.0,48.28956,1.2727272727272727,2.1818181818181817,2.090909090909091,0.5454545454545454,1.5454545454545454,83.18181818181819,0.20885642547363614,1.4545454545454546,0.0,0.0,1.1818181818181819,0.0,0.18181818181818182,2.6363636363636362,0.09090909090909091,1.0909090909090908,0.09090909090909091,0.0,0.6363636363636364,0.0,0.0,0.0,0.09090909090909091,4.54545454545455,0.114816027608785,1.3636363636363635,0.0,13.1818181818182,0.0387493930757046,0.36363636363636365,0.18181818181818182,0.0909090909090909,0.00654838301918723,26.1818181818182,0.0226682949472557,0.2727272727272727,0.0,0.5178571428571429,0.017857142857142856,0.07947019867549669,0.006622516556291391,0.0,0.0,0.0,0.0252595281600952,0.3,0.0,0.00293960920695601,0.0275862068965517,0.0137931034482759,0.0720322132110596,0.0,0.000865802944948276,0.0104166666666667,0,1.16666666666667,1.0,49.2727272727273,0.00612736891996377,0.0885608856088561,0.181818181818182,0.003690036900369,44.0,0.00415413882121567,0.0475206611570248,0.181818181818182,0.00413223140495868,0.0,0.18181818181818182,5.454545454545454,8.727272727272727,14.181818181818182,0.3846154,3.5454545454545454,4.363636363636363,7.909090909090909,0.44827586,1.4545454545454546,0.2727272727272727,0.45454545454545453,0.40326328711076215,0.5457178381356326,4.181818181818182,0.7463271302644466,143.0909090909091,29.272727272727273,24.0,2.909090909090909,40.45454545454545,1.3636363636363635,0.18181818181818182,0.09090909090909091,73.63636363636364,21.272727272727273,0.5146124523506989,0.7267080745341615,9.0,2.4545454545454546,0.20454545454545456,39.90909090909091,30.09090909090909,1.3255182883956216,1.0490678277882663,-0.1616929376667196,-0.04847499999133023,0.6045387631112878,-0.11792049624703148,1.867156521840529,0.6208314868536863,0.15456174991347574,0.5969819705086675,0.6214460364796899,-0.1266647238623012,464.09090909090907,346.3636363636364,398.27272727272725,275.72727272727275,407.0,342.6363636363636,1.4545454545454546,1.0,2.59400406504065
1,461,AFC Wimbledon,66,5,League Two,317,2024/2025,False,8,,8,4.6684046,11.5,7.125,2.25,4.375,1.0807794481515884,0.6421450525522232,0.43863441329449415,0.09398082028264584,15.205703071925951,17.17702122738487,11.995268903459822,168.25,0.45513900487964454,0.8917759111901628,3.2075757130450087,54.81929805360991,0.38333333333333336,0.31007751937984496,2.5,45.55452513753056,9.268867924528301,4.9147884626750535,0.7340599455040872,0.5963606286186931,7.625,5.0,2.625,2.625,0.5951663693413138,0.42684242501854897,0.16832392197102308,0.07805460789164559,17.35032178534836,18.811428833007813,14.567262195405506,2.75,1.875,5.875,0.21576877869665623,0.03672660158035603,9.125,0.1423926786519587,0.015604677265637542,0.375,0.031834133900702,0.08489102125167847,24.5,0.04863882903009653,0.001985258289745876,47.17242,0.5,2.0,1.25,0.375,1.5,98.625,0.21498637602179838,1.625,0.0,0.125,0.625,0.125,0.0,2.0,0.25,1.375,0.125,0.0,0.5,0.5,0.0,0.0,0.0,3.75,0.137052887817845,1.625,0.0,17.25,0.0285389518830925,0.875,0.125,0.0,0.0,24.625,0.00273208296857774,0.125,0.0,0.3404255319148936,0.0425531914893617,0.1506849315068493,0.0136986301369863,0.0,0.02040816326530612,0.0,0.0365474383036296,0.433333333333333,0.0,0.00165443208770476,0.0507246376811594,0.0072463768115942,,,0.000110947531718893,0.0050761421319797,0,1.33333333333333,,39.875,0.01100023637371,0.109717868338558,0.375,0.00940438871473354,45.625,0.00368929137922313,0.0575342465753425,0.125,0.00273972602739726,0.125,0.0,5.0,6.75,11.75,0.42553192,3.625,6.375,10.0,0.3625,1.5,1.0,0.75,0.5835505351424217,0.485613077878952,3.75,0.6637407157326131,173.375,29.0,28.375,2.625,42.75,2.5,0.0,0.0,78.875,22.75,0.4549387166546503,0.7844827586206896,10.0,2.625,0.2441860465116279,31.25,37.375,1.9697103053331375,1.0447835102677345,-0.12452615424990654,0.29240649938583374,0.7570847189053893,-3.775616642087698e-05,1.1378306522965431,0.7541562924161553,0.0017430370207875967,0.19607398193329573,0.27948376163840294,-0.09347014361992478,370.25,245.75,458.75,336.75,322.25,404.0,1.5,0.5,2.2005943536404162
2,461,Gillingham,96,5,League Two,317,2024/2025,False,11,,6,-1.4609288,10.363636363636363,7.7272727272727275,2.6363636363636362,2.6363636363636362,1.046252816915512,0.7836111513051119,0.26264170150865207,0.10095421473185222,16.450400904605264,17.170641371783088,14.3393607304014,181.9090909090909,0.4761974451167896,0.861614539272612,2.759016191099704,48.26814707880435,0.34527687296416937,0.37116564417177916,1.1818181818181819,43.40320235148515,10.418326693227092,4.166043514425534,0.7323323323323323,0.6042141230068337,12.272727272727273,9.0,2.7272727272727275,3.2727272727272725,1.1790645339272239,0.8877674883062189,0.2912970402024009,0.0960719214545356,15.586396846064815,15.834031230271465,14.905405680338541,3.5454545454545454,1.9090909090909092,4.454545454545454,0.2026864281770858,0.04550103751980528,13.545454545454545,0.03482723066752607,0.002571137959525089,0.36363636363636365,0.00909510978751562,0.02501155249774456,25.727272727272727,0.0160329362208193,0.0006231883599985614,49.700752,0.6363636363636364,2.0,1.9090909090909092,1.0909090909090908,2.090909090909091,82.0909090909091,0.18078078078078078,1.1818181818181819,0.0,0.0,0.6363636363636364,0.0,0.0,1.5454545454545454,0.18181818181818182,0.5454545454545454,0.18181818181818182,0.0,0.36363636363636365,0.18181818181818182,0.0,0.0,0.8181818181818182,5.0,0.107668674804948,1.0909090909090908,0.0,13.4545454545455,0.0834752610799941,1.0,0.0,0.636363636363636,0.0492584712126038,27.9090909090909,0.0508946288715709,0.36363636363636365,0.0,0.3469387755102041,0.04081632653061224,0.040268456375838924,0.013422818791946308,0.0,0.007067137809187279,0.0,0.0215337341481989,0.218181818181818,0.0,0.00620424223912729,0.0743243243243243,0.0,0.0774061679840088,0.0,0.0018235860507729,0.0130293159609121,0,1.0,1.28571428571429,44.0909090909091,0.00595682134333345,0.0597938144329897,0.363636363636364,0.00824742268041237,47.0,0.00619780948129798,0.0696324951644101,0.0,0.0,0.0,0.0,4.545454545454546,4.454545454545454,9.0,0.5050505,5.545454545454546,7.090909090909091,12.636363636363637,0.4388489,2.3636363636363638,0.5454545454545454,0.5454545454545454,-0.13281171972101385,-0.13281171972101385,2.3636363636363638,0.6927710843373494,146.0909090909091,27.09090909090909,25.636363636363637,2.1818181818181817,44.81818181818182,2.3636363636363638,0.18181818181818182,0.0,66.27272727272727,18.636363636363637,0.4536403235843186,0.6879194630872483,11.0,2.5454545454545454,0.37333333333333335,29.09090909090909,39.63636363636363,2.013087884946303,0.6746493218974634,-0.017931794239716095,0.35724661583927547,0.8001475144516338,0.1989761194722219,1.2350986462763764,0.8861364634199576,-0.4351188614964485,0.4015920822593299,0.6207094978202473,-0.23822061107917267,407.45454545454544,282.27272727272725,454.09090909090907,332.54545454545456,353.72727272727275,398.27272727272725,1.1818181818181819,0.6363636363636364,2.239880059970015
3,461,Fleetwood Town,95,5,League Two,317,2024/2025,False,9,,7,1.6772784,13.444444444444445,10.222222222222221,3.6666666666666665,3.2222222222222223,1.3959034548865423,1.0455221600002713,0.3503813635971811,0.10382752379110037,15.218456425942666,16.13001019021739,12.326625429350754,166.33333333333334,0.47412916553258166,0.8976721007421892,2.7447244715396293,41.049568541404284,0.3645833333333333,0.25,3.7777777777777777,42.141503107970024,13.59016393442623,3.1008826171123904,0.761232651140908,0.5714285714285714,11.222222222222221,8.0,2.444444444444444,3.2222222222222223,1.1224836375978258,0.8165126807159848,0.305970997032192,0.1000232979802802,16.188105517094677,17.23636203342014,13.585543928475216,2.0,1.222222222222222,5.555555555555555,0.21097231966753802,0.03797501802444458,12.11111111111111,0.05166718322369787,0.004266097731546525,0.3333333333333333,0.017772806187470753,0.053318421045939125,24.88888888888889,0.06996906134817335,0.0028112567961215973,52.303043,0.6666666666666666,2.7777777777777777,2.444444444444444,0.6666666666666666,2.444444444444444,85.11111111111111,0.18019289578922607,1.777777777777778,0.0,0.1111111111111111,1.0,0.0,0.2222222222222222,1.777777777777778,0.3333333333333333,0.6666666666666666,0.1111111111111111,0.0,0.4444444444444444,0.3333333333333333,0.0,0.0,0.3333333333333333,4.33333333333333,0.193007744020886,1.6666666666666667,0.1111111111111111,11.8888888888889,0.0795631986111403,1.0,0.0,0.222222222222222,0.0132549930777815,24.1111111111111,0.0201450619432661,0.2222222222222222,0.0,0.32,0.06,0.05504587155963303,0.009174311926605505,0.0,0.013392857142857142,0.0,0.0445402493843665,0.384615384615385,0.0256410256410256,0.00669223181555204,0.0841121495327103,0.0,0.0596474707126617,0.0,0.00083550948151795,0.00921658986175115,0,1.33333333333333,1.5,42.8888888888889,0.00816951390992792,0.0751295336787565,0.444444444444444,0.0103626943005181,40.5555555555556,0.00754449008262321,0.0794520547945206,0.111111111111111,0.00273972602739726,0.1111111111111111,0.2222222222222222,6.0,5.444444444444445,11.444444444444445,0.52427185,4.222222222222222,5.888888888888889,10.11111111111111,0.41758242,1.5555555555555556,0.7777777777777778,0.8888888888888888,0.18636425998475817,0.2734198172887166,4.555555555555555,0.7394328517924024,151.55555555555554,30.555555555555557,24.444444444444443,2.3333333333333335,42.22222222222222,2.555555555555556,0.0,0.0,60.55555555555556,18.77777777777778,0.39956011730205276,0.6145454545454545,7.333333333333333,2.3333333333333335,0.23863636363636365,32.111111111111114,38.333333333333336,1.84286054637697,0.8718923926353455,-0.2417755321496063,0.17594247725274828,0.9006921599308649,0.13610894470993015,1.7635074920124478,0.7536199622684054,-0.1020955956644482,0.43063458138042027,0.974828925397661,-0.29348012308279675,415.3333333333333,307.1111111111111,472.3333333333333,359.55555555555554,363.6666666666667,420.6666666666667,1.6666666666666667,0.7777777777777778,2.4969939879759515
4,461,Milton Keynes Dons,71,5,League Two,317,2024/2025,False,11,,0,4.069797,11.909090909090908,9.909090909090908,4.0,2.0,1.2126351513645865,1.0850792161443017,0.12755594605749304,0.1018243309195715,17.126174111402673,17.27300409439507,16.39869551225142,167.1818181818182,0.6134412539482633,0.8879157147144018,2.4236950005548663,33.15151945816008,0.2896174863387978,0.2903225806451613,3.3636363636363638,45.40362238479873,7.9653846153846155,5.700116764870917,0.6936011209715086,0.567398119122257,10.636363636363637,8.363636363636363,2.909090909090909,2.2727272727272725,0.8426536023616791,0.695145227692344,0.14750837263735858,0.07922384474012586,17.22870551215278,17.44711038340693,16.42497802734375,3.0,1.7272727272727273,4.454545454545454,0.08391166664659977,0.01883731326278375,13.454545454545455,0.02522681314836849,0.0018749657917667079,0.2727272727272727,0.018417464061216873,0.06753070155779521,19.90909090909091,0.0,0.0,56.248604,1.4545454545454546,2.8181818181818183,2.909090909090909,1.8181818181818181,1.8181818181818181,76.72727272727273,0.19710415693601122,1.1818181818181819,0.18181818181818182,0.0,1.1818181818181819,0.0,0.0,1.1818181818181819,0.0,0.5454545454545454,0.0,0.0,0.2727272727272727,0.0,0.0,0.0,0.45454545454545453,3.36363636363636,0.0547144169157202,1.0909090909090908,0.09090909090909091,11.2727272727273,0.0520354213023728,0.5454545454545454,0.09090909090909091,0.363636363636364,0.0223767743869261,21.6363636363636,0.0183817622336474,0.18181818181818182,0.0,0.2653061224489796,0.0,0.04054054054054054,0.0,0.0,0.0,0.0,0.016266447466773,0.324324324324324,0.027027027027027,0.00461604518275107,0.0483870967741935,0.00806451612903226,0.0615361295640469,0.0,0.000849577246092949,0.00840336134453781,0,1.0,1.25,38.0909090909091,0.00334872436978652,0.0525059665871122,0.0,0.0,36.6363636363636,0.00402628340141353,0.0620347394540943,0.181818181818182,0.00496277915632754,0.0,0.0,3.909090909090909,6.2727272727272725,10.181818181818182,0.38392857,5.7272727272727275,6.454545454545454,12.181818181818182,0.47014925,2.6363636363636362,0.0,0.18181818181818182,0.36998155442151154,0.36998155442151154,4.181818181818182,0.8119103773584906,141.72727272727272,35.81818181818182,27.454545454545453,5.0,47.0,1.2727272727272727,0.0,0.09090909090909091,66.27272727272727,25.09090909090909,0.4676074406670943,0.700507614213198,7.363636363636363,2.0,0.24175824175824176,50.90909090909091,33.72727272727273,1.7520931904966182,0.6816752566532656,0.21501795202493668,0.1922608163546432,0.7283686263994738,-0.0652294626290148,1.8593983487649397,0.6018449569290335,-0.07788924534212459,0.5689357790079984,0.619057297706604,0.14756197008219632,616.7272727272727,500.72727272727275,389.27272727272725,270.0,570.9090909090909,343.8181818181818,1.0,1.1818181818181819,3.688961392060903
5,461,Bradford City,61,5,League Two,317,2024/2025,False,11,,5,1.3482308,11.272727272727273,8.545454545454545,3.2727272727272725,2.7272727272727275,1.085672747005116,0.8350365649570118,0.2506361644376408,0.09630967724707819,15.669703329763104,16.74758067029588,12.292353312174479,178.36363636363637,0.5142327927562831,0.8727576086037029,3.096970115206185,47.245972369350284,0.3783783783783784,0.3631123919308357,1.9090909090909092,45.28060263653484,8.134948096885813,5.566182119080633,0.7064393939393939,0.5825405707890319,11.0,8.272727272727273,3.0,2.7272727272727275,0.9631062962792136,0.7849233150482178,0.17818297886035658,0.0875551207991671,16.30414675878099,16.503037002060438,15.700846354166666,3.909090909090909,2.3636363636363638,4.7272727272727275,0.12202778052199971,0.02581357038938082,12.636363636363637,0.12337149628861384,0.009763211655102189,0.09090909090909091,0.005236886780370365,0.05760575458407402,25.636363636363637,0.0,0.0,49.876884,1.1818181818181819,2.3636363636363638,1.7272727272727273,1.4545454545454546,1.5454545454545454,89.18181818181819,0.20643939393939395,1.4545454545454546,0.09090909090909091,0.09090909090909091,1.0,0.09090909090909091,0.09090909090909091,1.5454545454545454,0.09090909090909091,1.0909090909090908,0.09090909090909091,0.0,0.09090909090909091,0.0,0.0,0.0,0.5454545454545454,4.27272727272727,0.0586675127798861,1.0909090909090908,0.09090909090909091,14.8181818181818,0.0588199977170337,0.5454545454545454,0.18181818181818182,0.454545454545455,0.0259042687036774,23.9090909090909,0.0347912013530731,0.5454545454545454,0.0,0.3269230769230769,0.019230769230769232,0.08633093525179857,0.007194244604316547,0.0,0.0,0.0,0.0137306933707379,0.25531914893617,0.0212765957446809,0.00396944774440461,0.0368098159509202,0.0122699386503067,0.0569893896579742,0.0,0.0014551453037407,0.0228136882129278,0,1.0,1.2,43.0909090909091,0.00581645110488441,0.0632911392405063,0.181818181818182,0.00421940928270042,43.4545454545455,0.00410044542416369,0.0627615062761506,0.272727272727273,0.00627615062761506,0.09090909090909091,0.09090909090909091,4.909090909090909,5.818181818181818,10.727272727272727,0.45762712,7.181818181818182,5.454545454545454,12.636363636363637,0.5683453,2.1818181818181817,0.45454545454545453,0.45454545454545453,0.12256645614450629,0.12256645614450629,3.4545454545454546,0.728198859005705,151.63636363636363,33.18181818181818,26.545454545454547,3.090909090909091,46.90909090909091,2.2727272727272725,0.0,0.0,66.72727272727273,23.181818181818183,0.44004796163069543,0.6986301369863014,11.454545454545455,3.0,0.3402061855670103,44.0,38.63636363636363,1.73781787536361,0.8267540769143538,-0.015446611426093361,0.28798720105127856,0.6544187526133928,-0.015895251523364674,1.4772161760113456,0.756901968609203,-0.16835981624370272,0.3748806068165736,0.7459400242025201,-0.23214635320685126,446.1818181818182,324.90909090909093,432.0,305.1818181818182,392.6363636363636,378.8181818181818,1.272727272727273,0.8181818181818181,2.5015290519877675
6,461,Walsall,97,5,League Two,317,2024/2025,False,10,,7,7.654763,14.6,10.5,4.1,4.1,1.5003049939870834,1.1605954259634017,0.33970958180725574,0.10276061541413607,15.932789423694349,17.41291736421131,12.142219357374238,177.7,0.43729759436653304,0.8381409631287275,3.3379212613905613,59.374016335227275,0.38095238095238093,0.32941176470588235,2.6,45.10372390593562,11.043307086614174,4.0842587779349895,0.7471852610030706,0.5718194254445964,8.7,5.5,2.8,3.2,0.8131785437464714,0.5684508360922337,0.24472771733999252,0.09346879761794517,16.737036694055316,18.89006125710227,13.036526679992676,2.8,1.7,5.9,0.26322590596973894,0.04461456153352382,10.1,0.058786851912736894,0.005820480313631568,0.1,0.0063046224415302275,0.06304622441530228,31.2,0.011392201483249664,0.00036513466292466875,49.787212,1.8,3.0,2.2,0.7,1.6,91.1,0.186489252814739,1.9,0.0,0.1,1.2,0.0,0.1,2.9,0.1,0.8,0.0,0.1,0.1,0.3,0.0,0.0,0.2,3.4,0.112210936844349,1.5,0.1,13.6,0.129076549783349,1.5,0.3,0.2,0.00344023481011391,27.2,0.0,0.0,0.0,0.4915254237288136,0.01694915254237288,0.07920792079207921,0.0,1.0,0.009615384615384616,0.0,0.0330032180337345,0.441176470588235,0.0294117647058824,0.00949092296993031,0.110294117647059,0.0220588235294118,0.0172011740505695,0.0,0.0,0.0,0,1.0,1.0,47.3,0.00718202096967314,0.0866807610993657,0.2,0.00422832980972516,44.4,0.00551188582772607,0.0720720720720721,0.4,0.00900900900900901,0.2,0.1,5.0,6.7,11.7,0.42735043,5.6,7.4,13.0,0.43076923,2.0,0.7,0.7,0.7654764175415039,0.6871264457702637,4.2,0.6627250739048642,163.7,26.8,27.4,1.5,43.6,1.8,0.0,0.0,80.4,20.6,0.49114233353695785,0.7686567164179104,11.2,2.8,0.2857142857142857,39.2,32.5,2.1798312783241274,1.2486040532588958,-0.006875339150428772,0.3970015175640583,0.708294677734375,-0.16719380123540759,1.602105873823166,0.5651621297001839,-0.09300869628787041,0.31323921531438825,0.7620988637208939,0.05561261428520083,372.1,246.6,488.5,365.0,317.5,431.2,1.7999999999999998,1.0999999999999999,2.0939786156443447
7,461,Accrington Stanley,79,5,League Two,317,2024/2025,False,10,,-7,-0.16430646,12.2,9.0,3.9,3.2,0.8956507205963135,0.6389335751533508,0.25671710073947906,0.07341398958299981,16.7517810258709,17.823672146267363,13.737083435058594,186.9,0.48392392789272404,0.876490225711513,2.784036295840592,53.31261224856322,0.3855421686746988,0.34121621621621623,1.1,47.14878325094162,6.592833876221499,7.151519989149741,0.651042944785276,0.4944237918215613,10.2,6.9,2.7,3.3,0.9120813518762588,0.6846279591321945,0.22745339199900627,0.08941974826887542,16.430035759420957,17.28358348901721,14.645345976858428,2.2,1.8,4.5,0.2050212636590004,0.04556028048197428,11.7,0.04878655187785626,0.004169790663270868,0.1,0.002909281104803085,0.029092811048030853,26.5,0.0,0.0,44.956093,0.9,1.9,1.5,1.1,1.9,80.6,0.1977914110429448,1.3,0.1,0.1,2.0,0.0,0.1,2.4,0.3,0.7,0.0,0.0,0.1,0.0,0.0,0.1,0.4,4.7,0.14797330275178,1.8,0.2,15.5,0.0434709209948778,0.8,0.1,0.4,0.0243121016770601,32.3,0.0116970622912049,0.3,0.0,0.5333333333333333,0.06666666666666667,0.05982905982905983,0.0,0.0,0.0,0.0,0.0314836806439339,0.382978723404255,0.0425531914893617,0.00280457542788598,0.0516129032258065,0.00645161290322581,0.060780256986618,0.25,0.000362138168730603,0.00928792569659443,0,1.0,1.0,42.8,0.00599806331028448,0.0747663551401869,0.3,0.00700934579439252,52.9,0.00429968617588901,0.0623818525519849,0.4,0.00756143667296786,0.1,0.1,4.4,5.4,9.8,0.4489796,4.9,7.0,11.9,0.4117647,2.1,-0.7,-0.6,-0.016430646181106567,-0.016430628299713135,2.3,0.6543374135178286,156.3,28.3,25.0,3.6,44.0,2.7,0.0,0.0,80.0,20.6,0.5118362124120281,0.7279151943462897,10.1,2.6,0.3466666666666667,35.9,28.1,0.8683091759681701,0.7899031713604927,-0.16316727846860885,0.06717206765897572,0.6910516679286957,-0.5166508980095387,1.5978343456983566,0.8074994564056397,0.1197745867073536,0.13094926699995996,0.6586998403072357,-0.11908872053027153,375.8,245.9,407.5,265.3,322.8,343.0,1.0999999999999999,1.9,2.0107009095773143
8,461,Notts County,103,5,League Two,317,2024/2025,False,11,,8,5.574467,13.090909090909092,10.727272727272727,3.5454545454545454,2.3636363636363638,1.4528849504210732,1.2349683804945513,0.21791652217507362,0.11098427242702907,15.768858167860243,15.742252673132946,15.889599139873798,162.0909090909091,0.6290011259343743,0.8780282346293978,2.002790395994811,37.162398726851855,0.3473684210526316,0.37216828478964403,2.4545454545454546,44.89041722074468,10.472081218274111,4.286675808282454,0.7436154231347021,0.6205722070844687,11.818181818181818,8.818181818181818,3.6363636363636362,3.0,1.159796972166408,0.8152354874394157,0.3445614684711803,0.0981366597689115,16.2706787109375,17.54882434962951,12.513701467803031,5.0,2.6363636363636362,6.090909090909091,0.13102651031857188,0.02151181448751421,12.454545454545455,0.06447130340066823,0.005176528091848332,0.45454545454545453,0.01694967970252037,0.03728929460048676,22.818181818181817,0.005469025536016984,0.00023967840994496744,56.28047,0.6363636363636364,2.3636363636363638,2.5454545454545454,1.0,2.0,70.18181818181819,0.19328993490235352,1.7272727272727273,0.0,0.18181818181818182,1.0,0.0,0.0,1.3636363636363635,0.09090909090909091,0.45454545454545453,0.0,0.0,0.45454545454545453,0.09090909090909091,0.0,0.0,0.36363636363636365,5.27272727272727,0.256337258626114,2.090909090909091,0.2727272727272727,9.81818181818182,0.0765764208679849,0.5454545454545454,0.09090909090909091,0.363636363636364,0.0116477801295167,20.2727272727273,0.0,0.0,0.0,0.22388059701492538,0.014925373134328358,0.0364963503649635,0.0,0.0,0.00398406374501992,0.0,0.0486156858246902,0.396551724137931,0.0517241379310345,0.0077994504460582,0.0555555555555556,0.00925925925925926,0.0320313945412636,0.0,0.0,0.0,0,1.0,1.0,41.8181818181818,0.00521104750425919,0.0565217391304348,0.0909090909090909,0.00217391304347826,35.7272727272727,0.00964421352357355,0.083969465648855,0.363636363636364,0.0101781170483461,0.2727272727272727,0.0,7.0,6.818181818181818,13.818181818181818,0.5065789,4.363636363636363,4.181818181818182,8.545454545454545,0.5106383,2.3636363636363638,0.7272727272727273,0.5454545454545454,0.5067697871815074,0.293087975545363,4.0,0.8557620817843866,130.63636363636363,27.272727272727273,25.0,3.2727272727272725,43.09090909090909,1.8181818181818181,0.0,0.0,62.27272727272727,18.181818181818183,0.476687543493389,0.6666666666666666,10.454545454545455,2.5454545454545454,0.2641509433962264,48.09090909090909,30.727272727272727,2.35107681426135,0.7328410687094385,0.08506217023188417,0.33640733014114876,0.9981757808815349,0.19859035042199222,1.615977558222684,0.5985109440305016,-0.04590338739481839,0.24126906286586414,0.8212888647209514,0.00032753158699382436,611.3636363636364,523.1818181818181,363.09090909090907,270.0,561.0909090909091,318.09090909090907,1.5454545454545454,1.0,3.7717330342120023
9,461,Swindon Town,108,5,League Two,317,2024/2025,False,11,,-3,-1.4452231,12.272727272727273,8.818181818181818,4.363636363636363,3.4545454545454546,0.8520262566479769,0.5966132174838673,0.2554130364548076,0.06942436076976635,17.684653501157406,18.604202742429123,15.337392706620065,174.63636363636363,0.5081345613823584,0.8527715186295811,2.3842359165446556,47.301812923250566,0.3473282442748092,0.31978319783197834,2.090909090909091,44.77749123086735,10.18359375,4.397022537438451,0.7287507717637374,0.5849289684990735,11.090909090909092,7.2727272727272725,3.1818181818181817,3.8181818181818183,0.9834101850336249,0.6732635823163119,0.31014658036557113,0.08866813534595927,15.289598808913935,17.0202392578125,11.993142990838914,2.0,1.5454545454545454,5.0,0.11789500086822292,0.02357899925925515,10.454545454545455,0.10307301259176298,0.009859158681786578,0.5454545454545454,0.017031242562965912,0.031223945319652557,25.181818181818183,0.017413778738542038,0.0006915218993644852,50.68275,0.5454545454545454,2.2727272727272725,1.1818181818181819,0.36363636363636365,1.1818181818181819,84.81818181818181,0.19201481786375799,1.0909090909090908,0.0,0.0,1.3636363636363635,0.18181818181818182,0.0,1.8181818181818181,0.0,0.8181818181818182,0.18181818181818182,0.09090909090909091,0.5454545454545454,0.2727272727272727,0.0,0.09090909090909091,0.36363636363636365,4.54545454545455,0.210923658853227,2.4545454545454546,0.18181818181818182,10.7272727272727,0.0470169789411805,0.5454545454545454,0.09090909090909091,0.363636363636364,0.0180690112439069,28.9090909090909,0.0341369369151917,0.45454545454545453,0.0,0.36363636363636365,0.0,0.0782608695652174,0.017391304347826087,0.166666666666667,0.010830324909747292,0.0,0.0464032077789307,0.54,0.04,0.00438293865171529,0.0508474576271186,0.00847457627118644,0.0496897771954536,0.25,0.00118083736431674,0.0157232704402516,0,1.0,1.0,41.1818181818182,0.00620208197082115,0.0838852097130243,0.272727272727273,0.00662251655629139,44.5454545454545,0.00696247402502566,0.0857142857142857,0.363636363636364,0.00816326530612245,0.0,0.0,4.090909090909091,3.7272727272727275,7.818181818181818,0.5232558,4.7272727272727275,8.090909090909092,12.818181818181818,0.36879432,1.6363636363636365,-0.2727272727272727,-0.45454545454545453,-0.13138392025774176,-0.13138392025774176,3.3636363636363638,0.7191601049868767,159.72727272727272,29.545454545454547,28.90909090909091,3.0,45.18181818181818,1.8181818181818181,0.0,0.09090909090909091,81.63636363636364,21.90909090909091,0.5110984632896983,0.7415384615384616,10.727272727272727,3.4545454545454546,0.3140495867768595,38.0,33.18181818181818,1.371796454218301,0.7962819869545373,-0.4436266713521697,0.6817641793326898,0.6433258314024318,-0.3059487696737051,1.210190317847512,0.7860512631860647,-0.3140810616314411,0.16843594068830664,0.6407345154068687,-0.07095039839094336,450.27272727272725,323.8181818181818,441.72727272727275,321.90909090909093,398.8181818181818,385.6363636363636,1.0909090909090908,1.1818181818181817,2.5783446121811555
10,461,Port Vale,89,5,League Two,317,2024/2025,False,11,,4,6.227489,12.727272727272727,8.909090909090908,3.7272727272727275,3.8181818181818183,1.3100142912431196,0.9893481612882831,0.3206661484119567,0.1029297011239188,16.357366071428572,17.42184759646046,13.873577299572172,175.9090909090909,0.49397125988958257,0.8892393681508842,2.5257929663409353,47.40264423076923,0.48928571428571427,0.3280757097791798,2.1818181818181817,44.69315826113861,9.9438202247191,4.4945661980128095,0.7280912364945978,0.5799410029498525,9.272727272727273,6.545454545454546,2.6363636363636362,2.7272727272727275,0.8151061372323469,0.6421869708733126,0.1729191289368001,0.08790360245050169,15.660170611213236,16.060160319010418,14.70018819173177,2.7272727272727275,1.8181818181818181,5.363636363636363,0.26782783967527474,0.049934007353701834,10.818181818181818,0.03463396159085361,0.0032014586344486524,0.45454545454545453,0.018204354173080486,0.040049579739570615,26.454545454545453,0.0,0.0,51.185905,0.7272727272727273,2.3636363636363638,2.1818181818181817,0.7272727272727273,0.5454545454545454,76.9090909090909,0.16926770708283315,1.4545454545454546,0.0,0.09090909090909091,1.0909090909090908,0.0,0.0,2.909090909090909,0.45454545454545453,0.45454545454545453,0.0,0.0,0.45454545454545453,0.0,0.0,0.09090909090909091,0.45454545454545453,4.63636363636364,0.101346775720065,1.4545454545454546,0.18181818181818182,12.6363636363636,0.0254964675246315,0.6363636363636364,0.0,0.363636363636364,0.0145696515048092,27.7272727272727,0.0315062369812619,0.18181818181818182,0.0,0.5423728813559322,0.0847457627118644,0.04201680672268908,0.0,0.0,0.0,0.0,0.0218591082329844,0.313725490196078,0.0392156862745098,0.00201770598939854,0.0503597122302158,0.0,0.0400665439665318,0.25,0.00113629053850643,0.00655737704918033,0,1.0,1.25,43.0909090909091,0.00744161927750342,0.0886075949367089,0.454545454545455,0.0105485232067511,45.3636363636364,0.00381184484294517,0.0601202404809619,0.272727272727273,0.00601202404809619,0.09090909090909091,0.0,4.363636363636363,5.7272727272727275,10.090909090909092,0.43243244,3.090909090909091,4.818181818181818,7.909090909090909,0.3908046,1.5454545454545454,0.36363636363636365,0.2727272727272727,0.5661354281685569,0.49490815942937677,3.4545454545454546,0.7192725752508361,149.63636363636363,28.818181818181817,25.363636363636363,2.8181818181818183,43.36363636363637,2.3636363636363638,0.0,0.0,71.45454545454545,19.818181818181817,0.4775212636695018,0.6876971608832808,9.454545454545455,2.5454545454545454,0.2616822429906542,37.90909090909091,35.45454545454545,1.8050611588087948,0.8997556594285098,0.027217364446683365,0.36052611880851065,0.5608726956627585,-0.04331085289066488,1.438652136109092,0.634397313168103,-0.04630249738693237,0.3224371832541444,0.6382054496895183,-0.11008534495803443,434.90909090909093,312.8181818181818,454.3636363636364,330.8181818181818,383.72727272727275,399.72727272727275,1.3636363636363638,1.0909090909090908,2.472351421188631
11,461,Cheltenham Town,83,5,League Two,317,2024/2025,False,11,,-5,-3.668746,9.545454545454545,7.090909090909091,3.1818181818181817,2.4545454545454546,0.8499882945960219,0.6990680315277793,0.1509202498603951,0.08904639652797154,17.585086495535716,17.72362029246795,17.18487774884259,185.0909090909091,0.4678149027177465,0.8706615420578152,3.1950881693420006,58.194192253740646,0.32075471698113206,0.3423728813559322,1.1818181818181819,44.156850678066036,8.5,5.194923609184239,0.6881629189647858,0.5763313609467455,12.363636363636363,9.272727272727273,3.5454545454545454,3.090909090909091,1.1122834411534397,0.8245941237969832,0.28768929839134216,0.08996410229626824,15.727305692784926,16.600328632429534,13.108233283547793,4.2727272727272725,2.6363636363636362,3.0,0.0726258053698323,0.024208601677056515,13.818181818181818,0.051068061285398224,0.0036957146305786935,0.45454545454545453,0.023251126308671453,0.051152479648590085,28.454545454545453,0.003975257616151463,0.00013970553922577027,46.716095,0.45454545454545453,1.9090909090909092,1.4545454545454546,0.5454545454545454,1.6363636363636365,87.45454545454545,0.20407297411964362,1.2727272727272727,0.0,0.0,1.7272727272727273,0.0,0.09090909090909091,1.0909090909090908,0.09090909090909091,0.7272727272727273,0.09090909090909091,0.0,0.45454545454545453,0.18181818181818182,0.0,0.09090909090909091,0.18181818181818182,5.36363636363636,0.16550638882274,1.9090909090909092,0.09090909090909091,12.1818181818182,0.10160745409402,0.8181818181818182,0.18181818181818182,0.181818181818182,0.0106547437608242,30.1818181818182,0.00992070629515431,0.18181818181818182,0.0,0.36363636363636365,0.030303030303030304,0.05263157894736842,0.006578947368421052,0.0,0.006389776357827476,0.0,0.0308571245710729,0.355932203389831,0.0169491525423729,0.00834091029950042,0.0671641791044776,0.0149253731343284,0.058601088821888,0.5,0.000328698094530278,0.00602409638554217,0,1.0,1.0,45.7272727272727,0.0033004426102989,0.0536779324055666,0.181818181818182,0.00397614314115308,47.9090909090909,0.00600489990987181,0.0645161290322581,0.363636363636364,0.00759013282732448,0.0,0.09090909090909091,4.818181818181818,6.363636363636363,11.181818181818182,0.43089432,5.454545454545454,6.818181818181818,12.272727272727273,0.44444445,2.5454545454545454,-0.45454545454545453,-0.36363636363636365,-0.3335224010727622,-0.2622951431707902,2.1818181818181817,0.6355706324206445,160.0909090909091,29.818181818181817,28.363636363636363,2.6363636363636362,50.63636363636363,1.9090909090909092,0.0,0.0,75.45454545454545,21.818181818181817,0.47132311186825665,0.7317073170731707,9.181818181818182,2.1818181818181817,0.2962962962962963,34.27272727272727,36.0,1.1265986112200401,0.6356921656565233,-0.1739271100271832,0.2645025578412143,0.6424379511313005,-0.24210707978768783,1.720821743661707,1.0632049278779463,-0.07126601582223718,0.2234032733196562,0.751511042768305,-0.246031981554221,375.1818181818182,238.45454545454547,428.54545454545456,294.90909090909093,319.72727272727275,369.8181818181818,1.2727272727272727,1.6363636363636365,2.0270137524557956
12,461,Crewe Alexandra,329,5,League Two,317,2024/2025,False,10,,1,1.8754209,9.9,6.9,2.8,3.0,0.9953683465719223,0.7960813425481319,0.19928702637553214,0.10054226114292338,16.23767459753788,16.310327502264492,16.070571899414062,178.1,0.4861029740968438,0.8549259303696176,2.506761878821701,42.200520833333336,0.3380952380952381,0.3356164383561644,1.7,46.05053007206208,9.348936170212767,4.9257508270070955,0.7094357293373917,0.5428937259923176,12.6,8.5,4.0,4.1,0.88617624938488,0.6112506926059723,0.27492556497454645,0.07033144481598384,17.51061817956349,19.30816147748162,13.784009979992378,3.8,1.9,3.7,0.08059565182775259,0.02178260764560184,13.4,0.06491848398000002,0.004844662858479058,0.3,0.024590881541371346,0.08196960389614105,23.6,0.029182006418704987,0.001236525632567325,47.72145,0.3,1.6,1.1,0.9,1.2,79.1,0.18520252868180753,1.1,0.0,0.1,1.0,0.0,0.0,1.3,0.0,0.9,0.1,0.0,0.4,0.4,0.0,0.0,0.3,5.9,0.223697596043348,3.0,0.3,14.5,0.0326549790799618,0.7,0.0,0.3,0.0127859284635633,27.7,0.00578706115484238,0.1,0.0,0.35135135135135137,0.0,0.06716417910447761,0.007462686567164179,0.0,0.01694915254237288,0.0,0.0379148499440339,0.508474576271186,0.0508474576271186,0.00225206736860604,0.0482758620689655,0.0,0.0426197598377864,0.0,0.000208919175265068,0.0036101083032491,0,1.33333333333333,1.0,41.0,0.00486065963419472,0.0731707317073171,0.1,0.0024390243902439,48.4,0.0056802802834629,0.0847107438016529,0.3,0.00619834710743802,0.1,0.0,6.3,4.4,10.7,0.58878505,4.8,5.2,10.0,0.48,1.9,0.1,0.0,0.1875421017408371,0.10919209420681,3.2,0.6835443037974683,142.9,27.1,25.8,3.3,45.9,2.2,0.0,0.0,58.0,18.5,0.4058782365290413,0.6826568265682657,9.8,2.4,0.26666666666666666,31.5,40.2,1.6943161875009536,0.688204325735569,0.15690744668245316,0.3547778411768377,0.7253178209066391,-0.23089125640690328,1.641378891468048,0.9285777628421783,-0.2648740792647004,0.25295833544805646,0.5855905979871749,0.13912663869559766,395.0,270.0,427.1,303.0,343.2,370.2,1.0,1.0,2.2178551375631668
13,461,Grimsby Town,107,5,League Two,317,2024/2025,False,10,,-4,-3.9648476,9.7,6.2,1.7,3.5,0.9293677091598511,0.6659160673618316,0.26345166340470316,0.09581110649502154,15.463601653108892,16.2852044874622,14.008192661830357,177.6,0.4749966717880051,0.8773563133649994,3.3859656490526375,44.873046875,0.228310502283105,0.2339622641509434,2.0,43.94238870724346,9.575,4.5892834159001,0.7357078039927405,0.6017116524028966,13.0,9.0,2.7,4.0,1.3258524179458617,0.9172068059444427,0.40864562094211576,0.101988645700308,16.302512770432692,16.75111762152778,15.293153381347656,4.6,2.8,4.3,0.13216000013053417,0.030734882798305777,15.4,0.1232570193707943,0.008003702411403904,0.4,0.00803463850170374,0.02008659578859806,21.9,0.0,0.0,48.84387,1.4,1.8,1.8,0.7,1.6,99.3,0.22527223230490018,1.4,0.0,0.0,1.8,0.0,0.0,1.9,0.2,1.2,0.3,0.1,0.4,0.0,0.0,0.1,0.6,5.6,0.284135642647743,2.4,0.6,13.8,0.0704243639484048,0.8,0.0,0.6,0.0196298860944808,25.1,0.0344557210803032,0.2,0.0,0.4418604651162791,0.046511627906976744,0.07792207792207792,0.01948051948051948,0.25,0.0,0.0,0.0507385092122214,0.428571428571429,0.107142857142857,0.00510321492734163,0.0579710144927536,0.0,0.0327164779106776,0.166666666666667,0.00137273795101272,0.00796812749003984,0,1.0,1.0,42.0,0.0062726582799639,0.0833333333333333,0.6,0.0142857142857143,45.1,0.00906087871137057,0.0886917960088692,0.7,0.0155210643015521,0.0,0.0,4.4,4.4,8.8,0.5,5.0,6.2,11.2,0.44642857,1.8,-0.4,-0.4,-0.3964847087860107,-0.3964847087860107,2.9,0.7069182389937106,167.5,28.3,30.9,2.2,52.3,2.8,0.0,0.1,70.5,20.1,0.4208955223880597,0.7102473498233216,6.2,1.2,0.13953488372093023,28.9,38.5,1.5609130952507257,0.6354901941493154,0.024355444125831127,0.49941474068909886,0.5913591802120208,-0.18970678513869643,1.6889490634202957,1.0317276448011399,-0.034626996517181395,0.18990648835897445,0.7682555228471756,-0.2663130458444357,397.5,281.0,440.8,324.3,346.3,387.3,1.4,1.8,2.238175675675676
14,461,Newport County AFC,887,5,League Two,317,2024/2025,False,11,,-5,-5.0226326,9.0,6.2727272727272725,2.7272727272727275,2.7272727272727275,0.8380983146754178,0.5815646242011677,0.25653368031436746,0.09312202954533125,17.04880346433081,17.600709776947465,15.779405721028645,173.45454545454547,0.4600326828737991,0.8713679510012374,3.1516947756746974,50.27050999720358,0.348993288590604,0.3472222222222222,1.5454545454545454,39.27651386487154,12.120192307692308,3.240585039227798,0.7494019138755981,0.6228710462287105,15.454545454545455,11.0,4.454545454545454,4.454545454545454,1.4371558048508384,1.0385971123521978,0.39855868030678143,0.09299243478214039,16.427203010110293,16.926432964230372,15.194414411272321,4.909090909090909,2.8181818181818183,2.6363636363636362,0.12927489389072766,0.04903530252390895,13.0,0.08446856977587397,0.006497582355579296,0.45454545454545453,0.022839118133891712,0.05024605989456177,22.272727272727273,0.019951093772595577,0.000895763416679538,48.53414,1.0,2.0,1.6363636363636365,0.5454545454545454,2.090909090909091,82.72727272727273,0.1814194577352472,1.4545454545454546,0.09090909090909091,0.18181818181818182,1.9090909090909092,0.09090909090909091,0.0,1.0,0.09090909090909091,0.9090909090909091,0.09090909090909091,0.0,0.5454545454545454,0.2727272727272727,0.0,0.0,1.1818181818181819,5.63636363636364,0.218043122948571,2.090909090909091,0.18181818181818182,11.5454545454545,0.120209933173927,1.0,0.09090909090909091,0.909090909090909,0.0481528168205511,22.2727272727273,0.0121528140523217,0.18181818181818182,0.0,0.3793103448275862,0.034482758620689655,0.06993006993006994,0.006993006993006993,0.0,0.012244897959183673,0.0,0.0386850756983603,0.370967741935484,0.032258064516129,0.010411883902362,0.0866141732283465,0.0078740157480315,0.0529681026935577,0.0,0.000545636549287913,0.00816326530612245,0,1.2,1.3,38.3636363636364,0.00668689707444177,0.0710900473933649,0.181818181818182,0.004739336492891,40.3636363636364,0.00987420103571436,0.11036036036036,0.272727272727273,0.00675675675675676,0.18181818181818182,0.0,4.545454545454546,5.454545454545454,10.0,0.45454547,5.818181818181818,6.181818181818182,12.0,0.4848485,3.090909090909091,-0.45454545454545453,-0.6363636363636364,-0.4566029418598522,-0.5990574847568165,2.2727272727272725,0.7121176745272005,157.27272727272728,31.545454545454547,27.90909090909091,2.8181818181818183,50.09090909090909,2.3636363636363638,0.09090909090909091,0.09090909090909091,62.72727272727273,20.09090909090909,0.3988439306358382,0.6368876080691642,6.818181818181818,2.090909090909091,0.4339622641509434,26.454545454545453,47.0,1.8515297458930449,0.6411688409068368,-0.07248146137730642,0.5291823108087886,0.6898707002401352,0.06378934566270221,1.5983192866498774,1.1175305843353271,0.053235934539274735,-0.10592051857913082,0.8293771635402333,-0.29540859442204237,389.3636363636364,277.27272727272725,456.0,341.72727272727275,336.27272727272725,406.6363636363636,1.1818181818181819,1.8181818181818183,2.244758909853249
15,461,Morecambe,82,5,League Two,317,2024/2025,False,11,,-5,-6.7682304,9.727272727272727,6.909090909090909,2.6363636363636362,2.8181818181818183,0.8577970225702632,0.6095833944326098,0.24821363457224585,0.0881847399417485,16.784680518034463,17.42429552580181,15.216590143019154,190.0,0.4505687416615892,0.8307543186702308,3.079386655404778,52.4403485122796,0.36860068259385664,0.32908163265306123,1.5454545454545454,46.64211584689349,8.612456747404844,5.415657484834158,0.72608153078203,0.579222286709228,13.454545454545455,9.636363636363637,4.0,3.8181818181818183,1.401863400231708,0.9890970235521143,0.41276639767668466,0.10419255333977777,16.18257099873311,17.22637824292453,13.548198881603422,4.0,2.909090909090909,4.7272727272727275,0.07657866721803491,0.016199333163408134,14.363636363636363,0.13529619947075844,0.009419355965867827,0.36363636363636365,0.02077819745648991,0.0571400448679924,27.636363636363637,0.015560566363009539,0.0005630467969336008,47.13916,0.7272727272727273,2.0,2.0,1.0909090909090908,1.8181818181818181,90.0,0.20590682196339435,0.8181818181818182,0.0,0.09090909090909091,1.2727272727272727,0.18181818181818182,0.18181818181818182,1.0,0.09090909090909091,1.0909090909090908,0.0,0.09090909090909091,0.36363636363636365,0.36363636363636365,0.0,0.0,0.6363636363636364,4.63636363636364,0.246075340292671,2.0,0.18181818181818182,13.5454545454545,0.121633622287349,0.9090909090909091,0.18181818181818182,0.636363636363636,0.0341279068115083,26.5454545454545,0.0109295286238194,0.2727272727272727,0.0,0.21153846153846154,0.019230769230769232,0.0759493670886076,0.0,0.25,0.013157894736842105,0.0,0.0530750751495361,0.431372549019608,0.0392156862745098,0.00897966295280713,0.0671140939597315,0.0134228187919463,0.0536295686449323,0.0,0.000411728830778436,0.0102739726027397,0,1.0,1.0,47.0909090909091,0.00527094551955411,0.0598455598455598,0.181818181818182,0.00386100386100386,45.3636363636364,0.00909905921003384,0.0841683366733467,0.363636363636364,0.00801603206412826,0.09090909090909091,0.18181818181818182,3.2727272727272725,4.545454545454546,7.818181818181818,0.41860464,4.818181818181818,5.363636363636363,10.181818181818182,0.4732143,2.2727272727272725,-0.45454545454545453,-0.5454545454545454,-0.6152936870401556,-0.544066380370747,3.2727272727272725,0.6283903675538657,171.36363636363637,34.09090909090909,29.272727272727273,3.3636363636363638,51.90909090909091,2.3636363636363638,0.18181818181818182,0.0,79.0909090909091,24.363636363636363,0.46153846153846156,0.7146666666666667,11.727272727272727,2.6363636363636362,0.25663716814159293,32.72727272727273,38.36363636363637,1.5315584174611352,1.025600408965891,-0.21280219609087164,-0.01943149214441126,0.6593195823105898,0.0788724876262925,1.6433915522965519,0.8959002278067849,-0.23626718466932123,0.01954323679886081,0.8921354169195349,0.07218622348525307,358.6363636363636,225.36363636363637,437.09090909090907,317.3636363636364,300.09090909090907,382.6363636363636,0.7272727272727273,0.909090909090909,1.88755980861244
16,461,Tranmere Rovers,885,5,League Two,317,2024/2025,False,10,,-6,-3.7155535,11.0,7.9,3.4,3.1,0.7164953261613846,0.540119044855237,0.1763762891292572,0.0651359428058971,16.646192515980115,17.520707142503955,14.417588756930444,175.2,0.49445045764629525,0.8189477546960843,2.848480014968513,52.70658597797927,0.4216417910447761,0.30864197530864196,2.0,40.20227248123557,11.589473684210526,3.4688609316234142,0.7334883720930233,0.609012591119947,11.3,8.0,2.7,3.3,1.009700670838356,0.8101711511611939,0.19952950160950422,0.08935404245832325,16.649113747925885,16.49776611328125,17.016013405539773,2.9,2.2,6.3,0.14532835260033608,0.023067992831033373,12.0,0.02615330182015896,0.0021794418493906657,0.0,0.0,,27.1,0.004894636198878288,0.00018061388187742762,49.147255,0.9,1.5,1.0,0.7,1.9,74.3,0.1727906976744186,0.5,0.1,0.0,1.1,0.0,0.0,2.3,0.1,0.6,0.1,0.0,0.0,0.2,0.0,0.0,0.5,4.4,0.127591758966446,2.0,0.1,12.2,0.028264931216836,0.5,0.0,0.5,0.0206879314035177,26.4,0.0229848772287369,0.3,0.0,0.36507936507936506,0.015873015873015872,0.05,0.008333333333333333,,0.007380073800738007,0.0,0.0289981256831776,0.454545454545455,0.0227272727272727,0.00231679761018909,0.040983606557377,0.0,0.0413758635520935,0.0,0.000870639288967306,0.0113636363636364,0,,1.0,45.4,0.00388494015790292,0.0682819383259912,0.2,0.00440528634361234,43.5,0.00458688516726439,0.0758620689655172,0.1,0.00229885057471264,0.0,0.1,5.6,6.7,12.3,0.45528457,4.2,5.0,9.2,0.45652175,2.5,-0.6,-0.5,-0.3715553551912308,-0.2932053476572037,4.2,0.7111478507321681,143.7,26.2,24.2,2.6,41.9,1.6,0.0,0.0,57.9,18.7,0.40292275574112735,0.7137404580152672,10.0,2.4,0.2696629213483146,41.8,37.7,1.1617743000388145,0.5805473990738392,-0.3237959325313568,0.13724831715226174,0.7597761183977128,0.007998538948595525,1.906291401386261,0.8982915639877319,-0.1533464938402176,0.3509168289601803,0.7137359097599983,0.09704572996124625,423.4,301.1,430.0,315.4,366.8,378.9,0.4,1.1,2.4166666666666665
17,461,Carlisle United,330,5,League Two,317,2024/2025,False,11,,-13,-2.6185842,11.909090909090908,8.0,3.1818181818181817,3.909090909090909,0.9261230447075584,0.5990125265988436,0.32711052284999326,0.07776605445920055,16.487917834565838,17.738786177201703,13.927995548691861,171.36363636363637,0.525168786458715,0.8789064143609714,2.4696538756217543,41.21753513755981,0.4713656387665198,0.375,2.0,43.405241419057376,10.148305084745763,4.277092682629453,0.736331011188516,0.605080831408776,11.909090909090908,8.909090909090908,3.5454545454545454,3.0,1.2354034456339749,0.9444961845874786,0.29090726985172793,0.1037361640056581,16.597768070133586,16.984569316007654,15.44908465761127,3.090909090909091,2.3636363636363638,5.363636363636363,0.21294574033130298,0.03970174870248568,13.818181818181818,0.07461120865561745,0.005399495363235474,0.6363636363636364,0.030079727484421295,0.047268143721989224,26.09090909090909,0.009473841976035725,0.00036310892591077693,50.707687,0.9090909090909091,2.2727272727272725,1.0,0.5454545454545454,1.9090909090909092,84.63636363636364,0.1965378931813384,0.9090909090909091,0.09090909090909091,0.09090909090909091,2.090909090909091,0.0,0.0,2.3636363636363638,0.2727272727272727,0.7272727272727273,0.09090909090909091,0.0,0.6363636363636364,0.18181818181818182,0.0,0.0,0.45454545454545453,4.90909090909091,0.128541564568877,1.1818181818181819,0.45454545454545453,12.0,0.14652727950703,1.3636363636363635,0.09090909090909091,0.454545454545455,0.0158384227278558,20.3636363636364,0.0,0.0,0.0,0.4406779661016949,0.05084745762711865,0.05263157894736842,0.006578947368421052,0.0,0.006968641114982578,0.0,0.0261843955075299,0.240740740740741,0.0925925925925926,0.0122106066255858,0.113636363636364,0.00757575757575758,0.0348445296287537,0.0,0.0,0.0,0,1.0,1.0,45.9090909090909,0.00712517936631004,0.0851485148514852,0.363636363636364,0.00792079207920792,37.7272727272727,0.00771079523017608,0.0795180722891566,0.545454545454545,0.0144578313253012,0.09090909090909091,0.0,5.636363636363637,5.181818181818182,10.818181818181818,0.52100843,6.0,5.181818181818182,11.181818181818182,0.5365854,3.1818181818181817,-1.1818181818181819,-1.1818181818181819,-0.23805312676863236,-0.30928040092641657,3.1818181818181817,0.7569484377995016,152.0909090909091,31.545454545454547,26.636363636363637,3.5454545454545454,46.72727272727273,2.4545454545454546,0.0,0.0,66.27272727272727,21.90909090909091,0.43574417214584577,0.6945244956772334,11.454545454545455,3.3636363636363638,0.33035714285714285,37.0,38.27272727272727,0.8935087404467843,0.8128252026032318,-0.3978569631210782,0.4114019654013894,0.6828781610185449,-0.6157394833862782,2.0788416320627388,0.5691387399353764,0.12854815748604861,0.4513117400082675,0.8644719123840332,0.06537084831771525,474.27272727272725,359.0,430.6363636363636,317.09090909090907,417.54545454545456,383.72727272727275,0.7272727272727272,2.090909090909091,2.7676392572944293
18,461,Colchester United,80,5,League Two,317,2024/2025,False,10,,-2,0.31756234,13.7,9.0,2.7,4.7,1.35883287191391,0.9878975480794907,0.3709353543817997,0.09918487855117686,15.903044095004562,16.204612901475695,15.325574509640957,172.8,0.5071141025417742,0.8830996262782976,2.7311377835816923,45.26941616687711,0.27564102564102566,0.38076923076923075,3.2,42.188694545200896,9.739336492890995,4.331783235541309,0.7302792748652621,0.6161073825503356,11.9,9.0,3.3,2.9,1.0920266568660737,0.8864038109779357,0.20562287122011186,0.09176694244897667,16.518741383272058,17.227792697482638,14.31823520002694,4.1,2.7,4.7,0.18358560800552368,0.03906076766074972,14.4,0.1319777976721525,0.009165123932891421,0.9,0.0504059181548655,0.05600657727983263,25.5,0.004966021701693535,0.00019474594908602098,47.399193,1.5,2.7,1.7,0.9,1.1,78.9,0.1932876041156296,1.3,0.1,0.0,1.5,0.0,0.3,2.1,0.1,1.4,0.2,0.0,1.0,0.2,0.0,0.0,0.2,4.5,0.125470531359315,1.8,0.1,10.5,0.0558187799528241,0.6,0.0,0.2,0.00956937782466412,23.0,0.0147641777992249,0.3,0.0,0.44680851063829785,0.02127659574468085,0.09722222222222222,0.013888888888888888,0.0,0.00784313725490196,0.0,0.0278823402192858,0.4,0.0222222222222222,0.00531607412156605,0.0571428571428571,0.0,0.0478468909859657,0.0,0.000641920773879342,0.0130434782608696,0,1.11111111111111,1.0,45.5,0.00815242568215171,0.103296703296703,0.3,0.00659340659340659,38.2,0.00538279748087778,0.0759162303664921,0.1,0.00261780104712042,0.0,0.3,5.7,6.6,12.3,0.46341464,5.6,6.3,11.9,0.47058824,2.1,-0.2,0.2,0.03175622820854187,0.26680622100830076,4.3,0.7384049079754601,133.6,30.2,24.0,3.3,44.3,1.9,0.0,0.0,59.8,22.0,0.4476047904191617,0.7284768211920529,9.9,2.6,0.2708333333333333,39.7,37.9,1.407023024559021,0.8315234363079071,-0.15698596835136414,-0.05760766416788101,0.8450111478567124,-0.05491768270730972,1.821128749847412,0.830923655629158,-0.16952248737215997,0.436189004778862,0.845776441693306,-0.12188656162470579,407.5,300.9,408.2,298.1,351.9,358.3,1.2,1.2,2.3582175925925926
19,461,Bromley,1024,5,League Two,317,2024/2025,False,9,,-1,-3.2452955,11.777777777777779,7.333333333333333,3.2222222222222223,4.444444444444445,1.1463068657451205,0.7614643971125284,0.3848424818780687,0.0973279431181134,16.29192539431014,17.366937810724433,14.518153381347656,174.11111111111111,0.39621686821133584,0.846574644971223,3.1793799256993354,59.26949127375731,0.36619718309859156,0.28102189781021897,1.4444444444444444,43.7931604951484,11.061032863849766,3.9592288563101055,0.7676517031355741,0.6572554169402495,14.333333333333334,10.666666666666666,3.555555555555556,3.6666666666666665,1.419839769601822,1.1501153293583128,0.26972444065743023,0.09905858742174252,15.615881631540697,15.874384562174479,14.863876805160984,5.222222222222222,3.0,4.888888888888889,0.2076320397771067,0.04247018965807828,14.0,0.14667314063343737,0.010476652591947525,0.4444444444444444,0.018650646424955793,0.04196395352482796,20.333333333333332,0.011886657526095709,0.0005845897347549272,47.859974,0.6666666666666666,1.8888888888888888,1.6666666666666667,1.6666666666666667,2.3333333333333335,86.55555555555556,0.17572749830814346,1.3333333333333333,0.0,0.1111111111111111,1.4444444444444444,0.0,0.2222222222222222,2.444444444444444,0.1111111111111111,1.3333333333333333,0.2222222222222222,0.0,0.4444444444444444,0.2222222222222222,0.0,0.0,0.4444444444444444,5.88888888888889,0.198333692633443,2.3333333333333335,0.0,12.1111111111111,0.0529358084830973,0.8888888888888888,0.1111111111111111,0.444444444444444,0.0184549381956458,23.2222222222222,0.0,0.0,0.0,0.5,0.022727272727272728,0.09523809523809523,0.015873015873015872,0.0,0.01092896174863388,0.0,0.0336793053824947,0.39622641509434,0.0,0.00437084633276003,0.073394495412844,0.00917431192660551,0.0415236130356789,0.0,0.0,0.0,0,1.0,1.0,39.6666666666667,0.00970191047305153,0.112044817927171,0.333333333333333,0.00840336134453781,41.6666666666667,0.00647338676452637,0.088,0.111111111111111,0.00266666666666667,0.1111111111111111,0.2222222222222222,5.444444444444445,4.0,9.444444444444445,0.5764706,6.444444444444445,5.666666666666667,12.11111111111111,0.5321101,2.444444444444444,-0.1111111111111111,0.0,-0.3605884512265523,-0.27353289392259383,3.2222222222222223,0.6325757575757576,151.44444444444446,29.88888888888889,26.444444444444443,4.333333333333333,47.888888888888886,1.777777777777778,0.1111111111111111,0.1111111111111111,72.11111111111111,22.666666666666668,0.4761555392516508,0.758364312267658,8.555555555555555,2.111111111111111,0.25333333333333335,30.333333333333332,42.22222222222222,2.1441522240638733,0.9024564590719011,0.037254821923043996,0.4810515323446857,0.6518200180596776,0.07156958969102965,1.786852777004242,0.8779527346293131,-0.044290370411343045,0.3091719862487581,0.850675869319174,-0.20631399088435703,322.6666666666667,204.11111111111111,492.55555555555554,378.1111111111111,270.0,441.22222222222223,1.222222222222222,1.2222222222222223,1.853222718570517
20,461,Salford City,1371,5,League Two,317,2024/2025,False,10,,-4,-3.1027193,11.5,8.5,3.7,3.0,0.7395488917827606,0.5304836377501487,0.20906527750194073,0.06430860187696374,18.662221891983695,19.529802389705882,16.20408426920573,179.8,0.5102905986480197,0.857220842785709,2.657108037661586,50.07255959024235,0.3420074349442379,0.3564356435643564,1.6,44.9961388852416,7.287937743190661,6.174056430062516,0.6742944317315027,0.5612316305108468,12.8,9.2,3.3,3.6,1.0498208224773407,0.7595369566231966,0.29028387144207957,0.08201725035905838,16.24689483642578,17.308134659476902,13.534838358561197,3.8,2.3,3.8,0.1301523085683584,0.03425060761602301,12.7,0.020216031186282634,0.0015918133765693726,0.6,0.02034117802977562,0.0339019646247228,25.9,0.038355757296085355,0.001480917212585685,49.221355,1.0,2.4,1.7,1.0,1.0,79.0,0.20086448004068141,0.7,0.0,0.0,1.1,0.0,0.0,1.8,0.1,0.4,0.0,0.0,0.6,0.2,0.0,0.0,0.7,5.8,0.21580580547452,2.6,0.3,12.6,0.0283742532134056,0.2,0.0,0.7,0.0416383864358068,25.9,0.00446542054414749,0.1,0.0,0.47368421052631576,0.02631578947368421,0.031496062992125984,0.0,0.0,0.007722007722007722,0.0,0.0372078994224811,0.448275862068966,0.0517241379310345,0.00225192497646998,0.0158730158730159,0.0,0.0594834131853921,0.0,0.000172410059619594,0.00386100386100386,0,1.0,1.0,43.0,0.00486198358757551,0.0697674418604651,0.1,0.00232558139534884,45.0,0.00645075268215603,0.08,0.3,0.00666666666666667,0.0,0.0,7.4,5.3,12.7,0.5826772,5.6,4.3,9.9,0.56565654,3.0,-0.4,-0.4,-0.3102719306945801,-0.3102719306945801,3.2,0.6920813924981614,152.7,33.8,28.6,3.5,48.9,3.3,0.1,0.0,73.8,24.9,0.48330058939096265,0.7366863905325444,10.8,2.6,0.325,38.9,35.5,1.4600424706935882,0.6935955986380578,-0.19626134485006333,0.31504234708845613,0.6794320940971375,-0.03176655247807503,1.8055648148059844,0.8340680032968522,-0.2762563399970531,0.32168092895299194,0.7794383019208908,0.1469850167632103,407.9,282.3,393.3,265.2,356.1,339.6,0.7,1.1,2.268631813125695
21,461,Harrogate Town,1485,5,League Two,317,2024/2025,False,11,,-6,-6.6938057,9.181818181818182,6.636363636363637,2.8181818181818183,2.5454545454545454,0.6720311668786135,0.5302732641046698,0.14175789938731628,0.07319151528991096,17.322727316676982,17.63617194188784,16.50553240094866,178.63636363636363,0.43882060859213595,0.8534212114736273,2.8756517685307816,49.91996173469388,0.26217228464419473,0.32525951557093424,1.5454545454545454,43.21751179245283,10.59670781893004,4.078390433229529,0.7300077639751553,0.615807903951976,15.545454545454545,11.545454545454545,4.545454545454546,4.0,1.2805589491670781,0.9920796630057421,0.2884792909026146,0.08237513603522764,16.7888854623538,17.4828582523376,14.785823475230824,3.8181818181818183,2.3636363636363638,4.909090909090909,0.07236452197486704,0.014740921832897045,11.0,0.014344996518709442,0.0013040905156411415,0.2727272727272727,0.021894270723516292,0.08027899265289307,24.545454545454547,0.033154111694205894,0.0013507231518074317,48.74179,0.9090909090909091,1.3636363636363635,1.2727272727272727,1.0909090909090908,2.0,80.63636363636364,0.17216614906832298,0.9090909090909091,0.0,0.0,1.4545454545454546,0.09090909090909091,0.0,1.5454545454545454,0.09090909090909091,0.2727272727272727,0.0,0.0,0.36363636363636365,0.36363636363636365,0.0,0.0,0.45454545454545453,6.18181818181818,0.227706497365778,2.5454545454545454,0.2727272727272727,14.0,0.0337623130868782,0.8181818181818182,0.09090909090909091,0.454545454545455,0.020348922772841,26.0909090909091,0.00666156191040169,0.18181818181818182,0.0,0.3148148148148148,0.018518518518518517,0.024793388429752067,0.0,0.0,0.014814814814814815,0.0,0.0368348780800314,0.411764705882353,0.0441176470588235,0.00241159386449046,0.0584415584415584,0.00649350649350649,0.0447676301002502,0.0,0.000255321194693602,0.00696864111498258,0,1.33333333333333,1.0,40.7272727272727,0.00348066272480147,0.0625,0.0909090909090909,0.00223214285714286,46.7272727272727,0.00617368119236096,0.0856031128404669,0.363636363636364,0.00778210116731518,0.0,0.0,6.090909090909091,7.090909090909091,13.181818181818182,0.46206897,5.181818181818182,5.363636363636363,10.545454545454545,0.49137932,1.6363636363636365,-0.5454545454545454,-0.6363636363636364,-0.6085277768698606,-0.6085277768698606,2.3636363636363638,0.6555333998005982,163.36363636363637,30.727272727272727,25.09090909090909,3.2727272727272725,46.81818181818182,1.7272727272727273,0.0,0.0,67.36363636363636,22.272727272727273,0.41235392320534225,0.7248520710059172,8.545454545454545,1.6363636363636365,0.27692307692307694,29.363636363636363,46.45454545454545,1.6940236985683441,0.5632974993098866,-0.009036996147849342,0.5929972021417185,0.5678004785017534,-0.0210345367139036,1.6693526939912275,0.9171591753309424,-0.04688738692890514,0.22235954087227583,0.6453454223546115,-0.06874261119148949,364.72727272727275,239.0909090909091,468.3636363636364,341.90909090909093,311.54545454545456,412.1818181818182,0.9090909090909091,1.3636363636363638,2.041730279898219
22,461,Barrow,3179,5,League Two,317,2024/2025,False,11,,5,0.9481076,11.090909090909092,7.7272727272727275,3.5454545454545454,3.3636363636363638,0.7758622345599261,0.479069629853422,0.29679263484748925,0.06995479396132172,17.426933913934427,18.38240894990809,15.231918747360641,184.8181818181818,0.5083145369047661,0.845678472676456,2.442560788179421,51.83511937684366,0.38626609442060084,0.3413793103448276,1.6363636363636365,46.219068350770925,9.377431906614786,4.928755421638227,0.6855499004204471,0.5071868583162218,9.181818181818182,6.636363636363637,2.8181818181818183,2.5454545454545454,0.6896706413138997,0.5389144339344718,0.15075620331547476,0.07511264498871152,18.30061929532797,18.737319737264556,17.162081037248885,2.5454545454545454,1.3636363636363635,4.818181818181818,0.2172675376588648,0.04509326646912773,12.181818181818182,0.03218080306595022,0.0026417076587677,0.6363636363636364,0.019639486108313908,0.03086205039705549,30.0,0.02770480208776214,0.0009234934142141631,46.831894,0.2727272727272727,1.5454545454545454,0.8181818181818182,0.8181818181818182,1.6363636363636365,72.27272727272727,0.17592387696393008,1.1818181818181819,0.0,0.0,0.7272727272727273,0.0,0.0,1.6363636363636365,0.45454545454545453,0.7272727272727273,0.0,0.0,0.7272727272727273,0.2727272727272727,0.0,0.0,0.45454545454545453,5.18181818181818,0.106946186077866,1.4545454545454546,0.09090909090909091,12.5454545454545,0.0218083919449286,0.5454545454545454,0.0,0.454545454545455,0.0194435844367201,27.7272727272727,0.00255803983997215,0.09090909090909091,0.0,0.33962264150943394,0.09433962264150944,0.05970149253731343,0.0,0.0,0.00909090909090909,0.0,0.0206387377621835,0.280701754385965,0.0175438596491228,0.00173835013655649,0.0434782608695652,0.0,0.042775884270668,0.0,9.22571745563726e-05,0.00327868852459016,0,1.14285714285714,1.0,47.6363636363636,0.00623037978893018,0.0706106870229008,0.454545454545455,0.00954198473282443,45.9090909090909,0.0032837983405236,0.0554455445544554,0.0909090909090909,0.00198019801980198,0.0,0.0,4.2727272727272725,6.636363636363637,10.909090909090908,0.39166668,4.636363636363637,5.636363636363637,10.272727272727273,0.45132744,1.4545454545454546,0.45454545454545453,0.45454545454545453,0.08619160543788563,0.08619160543788563,3.090909090909091,0.7006861063464837,136.8181818181818,31.454545454545453,24.454545454545453,3.2727272727272725,40.72727272727273,1.6363636363636365,0.0,0.09090909090909091,71.36363636363636,21.636363636363637,0.521594684385382,0.6878612716763006,9.0,2.4545454545454546,0.29347826086956524,35.45454545454545,31.181818181818183,1.5761705230582843,0.8195506144653667,-0.09269500456073067,0.30576263672926207,0.6479634778066115,-0.10441072221676057,1.3307612917639993,0.7221042798324064,-0.1623089923100038,0.29718575948341325,0.4669442434202541,0.006835849363018166,424.0,297.09090909090907,410.8181818181818,281.6363636363636,368.09090909090907,353.54545454545456,1.1818181818181819,0.7272727272727273,2.294146581406788
23,461,Chesterfield,2008,5,League Two,317,2024/2025,False,11,,7,3.0734525,12.363636363636363,9.454545454545455,3.090909090909091,2.909090909090909,1.2987714816223492,0.9970641921867024,0.30170729976486077,0.10504768876468434,15.334115421070772,16.33690701998197,12.075040817260742,172.36363636363637,0.6089268763143271,0.8329061117020756,2.1702521570863524,39.50043608966746,0.390625,0.32781456953642385,3.0,44.05809041161894,8.95945945945946,4.917494254087182,0.7077238901719272,0.575036075036075,11.090909090909092,7.7272727272727275,3.3636363636363638,3.3636363636363638,1.0193666815757751,0.7214368378574197,0.2979298047721386,0.09191011209956935,16.46400426645748,18.139955767463235,12.613842113597974,2.2727272727272725,1.1818181818181819,5.818181818181818,0.22648407535796816,0.038926951587200165,14.454545454545455,0.034742532297968864,0.0024035715457028563,0.5454545454545454,0.03361556615511125,0.06162853538990021,25.818181818181817,0.006865124302831563,0.0002659026953116269,51.50004,0.9090909090909091,2.6363636363636362,1.3636363636363635,0.9090909090909091,2.1818181818181817,78.0909090909091,0.22042596869386707,1.7272727272727273,0.0,0.09090909090909091,1.0909090909090908,0.0,0.0,1.7272727272727273,0.36363636363636365,0.36363636363636365,0.18181818181818182,0.09090909090909091,0.6363636363636364,0.18181818181818182,0.0,0.0,0.2727272727272727,3.63636363636364,0.132967265153473,1.6363636363636365,0.0,11.0909090909091,0.163039312274619,1.4545454545454546,0.18181818181818182,0.272727272727273,0.00192323890091343,23.5454545454545,0.0,0.0,0.0,0.296875,0.0625,0.025157232704402517,0.012578616352201259,0.166666666666667,0.007042253521126761,0.0,0.0365659981966019,0.45,0.0,0.0147002661814455,0.131147540983607,0.0163934426229508,0.00705187581479549,0.0,0.0,0.0,0,1.16666666666667,1.0,46.6363636363636,0.00646935754816899,0.0623781676413255,0.636363636363636,0.01364522417154,38.5454545454545,0.00772931047205655,0.0872641509433962,0.181818181818182,0.00471698113207547,0.09090909090909091,0.09090909090909091,5.454545454545454,6.363636363636363,11.818181818181818,0.46153846,6.7272727272727275,5.0,11.727272727272727,0.5736434,2.1818181818181817,0.6363636363636364,0.5454545454545454,0.27940480275587604,0.27940479733727197,4.636363636363637,0.8070350091256014,133.72727272727272,31.818181818181817,27.90909090909091,4.818181818181818,47.72727272727273,1.9090909090909092,0.18181818181818182,0.0,61.81818181818182,20.727272727272727,0.46227056424201224,0.6514285714285715,9.0,2.6363636363636362,0.26851851851851855,40.90909090909091,31.09090909090909,1.8235162367874926,0.7847074947573922,-0.06562567028132352,0.3405577005310492,0.762670023874803,0.0012064576148986816,1.4967676590789447,0.7128995927897367,-0.01987730711698532,0.5584618693048303,0.5065617818724025,-0.26068353517489,547.9090909090909,442.1818181818182,354.27272727272725,250.72727272727272,492.45454545454544,306.54545454545456,1.6363636363636365,1.0909090909090908,3.1787974683544302
